Site,Date,ID,Length,Length In,WT,LOGLEN,LOGWT,Birthday,Age,Annuli,TotalLength,Fto1,1to2,2to3,3to4,4to5,5to6,6to7,7to8,Ax-M,Sum,O/E,O/E %,ONE L,TWO L,THREE L,FOUR L,FIVE L,SIX L,SEVEN L,EIGHT L
Wateree,6/4/2015,WTP 01,262,10,224.2,2.42,2.35,4/1/2007,8.18,8,4299.8363,2175.7509,524.8543,408.3969,368.3531,287.1237,268.3282,132.5443,94.8683,39.6166,4299.8363,0,0.00%,125,159,185,209,227,245,253,259
Wateree,6/4/2015,WTP 04,253,10,216.4,2.40,2.34,4/1/2007,8.18,8,4706.8461,1677.1046,662.9661,389.3071,381.0354,279.1774,413.3038,389.3071,322.2732,192.3714,4706.8461,0,0.00%,80,118,140,162,178,201,224,242
Wateree,6/4/2015,WTP 07,291,11,318.6,2.46,2.50,4/1/2007,8.18,8,5503.122,1843.9631,690.73,503.1779,357.2394,794.4054,550.8575,378.8087,306.6464,77.2936,5503.122,0,0.00%,87,125,153,173,218,248,270,287
Wateree,6/30/2015,WTP39,276,11,299.1,2.44,2.48,4/1/2007,8.25,8,4882.8832,1943.5925,442.9447,410.5508,419.142,314.3565,321.9938,373.4488,324.7768,332.0773,4882.8832,0,0.00%,100,127,151,176,195,214,237,256
Wateree,5/5/2015,WTP 05,301,12,399.7,2.48,2.60,4/1/2009,6.10,6,5350.6714,1993.3369,765.2059,557.096,622.7295,539.7666,512.57,,,359.9665,5350.6714,0,0.00%,102,147,180,217,249,280,,
Wateree,5/5/2015,WTP 06,283,11,339,2.45,2.53,4/1/2009,6.10,6,4144.3369,2282.6826,459.9304,456.71,436.1468,235.2275,190.683,,,82.9566,4144.3369,0,0.00%,149,182,215,246,263,277,,
Wateree,6/4/2015,WTP 08,278,11,322.5,2.44,2.51,4/1/2009,6.18,6,5070.9407,2419.161,681.2048,555.964,539.3329,408,314.8714,,,152.4066,5070.9407,0,0.00%,124,164,196,227,251,269,,
Wateree,6/4/2015,WTP 11,262,10,252.2,2.42,2.40,4/1/2009,6.18,6,4829.4074,2099.7257,721.2489,533.1904,516.9758,379.9474,554.148,,,24.1712,4829.4074,0,0.00%,105,146,177,207,229,261,,
Wateree,6/4/2015,WTP 12,200,8,107.8,2.30,2.03,4/1/2009,6.18,6,4360.8238,1831.3274,853.6252,449.0791,402.4922,325.3859,381.366,,,117.548,4360.8238,0,0.00%,75,117,139,159,175,194,,
Wateree,6/30/2015,WTP 06,253,10,213.3,2.40,2.33,4/1/2009,6.25,6,5091.8547,2446.8821,797.2779,652.3465,511.269,366.1967,267.9254,,,49.9571,5091.8547,0,0.00%,113,155,190,217,236,250,,
Wateree,6/30/2015,WTP 09,263,10,255.9,2.42,2.41,4/1/2009,6.25,6,5120.3664,2254.9545,852.1268,550.2363,631.1418,370.3026,399.89,,,61.7144,5120.3664,0,0.00%,107,153,183,218,238,260,,
Wateree,6/30/2015,WTP51,271,11,302,2.43,2.48,4/1/2009,6.25,6,5214.0138,2313.605,736.8039,630,600,394.8164,337.3366,,,201.4519,5214.0138,0,0.00%,111,152,187,220,241,260,,
Wateree,6/30/2015,WTP55,267,11,275.8,2.43,2.44,4/1/2009,6.25,6,5072.9281,2131.3095,734.6509,681.6011,554.7324,448.8786,368.402,,,153.3536,5072.9281,0,0.00%,103,144,182,213,238,258,,
Wateree,6/30/2015,WTP65,287,11,343.2,2.46,2.54,4/1/2009,6.25,6,4862.7474,2180.2138,585.6996,662.8575,475.0621,421.9668,365.4094,,,171.5382,4862.7474,0,0.00%,120,156,198,227,254,276,,
Wateree,5/5/2015,WTP 01,187,7,92.3,2.27,1.97,4/1/2010,5.10,5,4240.8796,2180.2138,717.2447,624.7207,381.4132,317.32,,,,19.9672,4240.8796,0,0.00%,88,123,153,171,186,,,
Wateree,5/5/2015,WTP 02,228,9,188.6,2.36,2.28,4/1/2010,5.10,5,4283.1092,1606.6674,722.5206,592.7563,429.0734,389.3071,,,,542.7844,4283.1092,0,0.00%,75,117,150,175,197,,,
Wateree,5/5/2015,WTP 07,225,9,155.6,2.35,2.19,4/1/2010,5.10,5,4674.5545,2148.3771,438.9852,524.8543,841.7553,435.4033,,,,285.1793,4674.5545,0,0.00%,95,117,144,188,210,,,
Wateree,5/5/2015,WTP 08,167,7,62.2,2.22,1.79,4/1/2010,5.10,5,3812.9516,2083.6938,738.2195,342.4734,385.6838,240.075,,,,22.8061,3812.9516,0,0.00%,84,119,136,154,166,,,
Wateree,6/4/2015,WTP 02,262,10,242.8,2.42,2.39,4/1/2010,5.18,5,4662.5058,2293.421,817.8508,647.611,534.1348,355.3702,,,,14.118,4662.5058,0,0.00%,121,169,208,240,261,,,
Wateree,6/4/2015,WTP 03,264,10,267.7,2.42,2.43,4/1/2010,5.18,5,4524.9429,2258.7829,845.6595,435.6926,519.2341,323.1099,,,,142.4639,4524.9429,0,0.00%,124,176,203,235,255,,,
Wateree,6/4/2015,WTP 05,241,9,199.1,2.38,2.30,4/1/2010,5.18,5,4138.3866,1542.6536,854.0258,567.3412,502.8916,521.8621,,,,149.6123,4138.3866,0,0.00%,80,133,168,199,232,,,
Wateree,6/4/2015,WTP 06,193,8,100.1,2.29,2.00,4/1/2010,5.18,5,4211.0469,2453.6186,672.5355,366.5897,298.3756,307.4671,,,,112.4604,4211.0469,0,0.00%,106,139,157,172,187,,,
Wateree,6/4/2015,WTP 10,223,9,149.6,2.35,2.17,4/1/2010,5.18,5,4674.2773,2117.116,818.4009,587.6938,386.4298,638.6267,,,,126.0101,4674.2773,0,0.00%,92,134,164,184,217,,,
Wateree,6/4/2015,WTP 13,229,9,172.6,2.36,2.24,4/1/2010,5.18,5,3976.4839,1612.2258,846.9144,564.9248,446.7885,427.8551,,,,77.7753,3976.4839,0,0.00%,83,135,170,198,224,,,
Wateree,6/30/2015,WTP 01,210,8,196.3,2.32,2.29,4/1/2010,5.25,5,4369.8169,2335.1103,810.2,474.1519,312.9217,384,,,,53.433,4369.8169,0,0.00%,105,147,171,187,207,,,
Wateree,6/30/2015,WTP 02,201,8,128.8,2.30,2.11,4/1/2010,5.25,5,4077.9215,2106.7093,567.8486,429.4089,367.2274,439.0262,,,,167.7011,4077.9215,0,0.00%,96,126,149,169,192,,,
Wateree,6/30/2015,WTP 03,222,9,153.1,2.35,2.18,4/1/2010,5.25,5,4041.1414,2210.4932,531.161,443.8784,330.4905,451.1186,,,,73.9997,4041.1414,0,0.00%,114,145,172,191,218,,,
Wateree,6/30/2015,WTP 04,211,8,146.5,2.32,2.17,4/1/2010,5.25,5,4508.4561,2334.6246,628.8561,486.7402,314.8714,459.9696,,,,283.3942,4508.4561,0,0.00%,101,133,158,174,197,,,
Wateree,6/30/2015,WTP 05,244,10,223.9,2.39,2.35,4/1/2010,5.25,5,4417.9928,2083.9962,725.6032,507.5943,566.1978,409.5852,,,,125.0161,4417.9928,0,0.00%,107,149,179,213,237,,,
Wateree,6/30/2015,WTP 07,210,8,135,2.32,2.13,4/1/2010,5.25,5,4275.4537,2078.6342,612.9405,534,343.6277,519.2341,,,,187.0172,4275.4537,0,0.00%,94,126,154,173,200,,,
Wateree,6/30/2015,WTP 08,207,8,132.5,2.32,2.12,4/1/2010,5.25,5,4010.586,2252.6784,563.1696,422.4358,320.7055,290.3033,,,,161.2934,4010.586,0,0.00%,109,140,164,182,198,,,
Wateree,6/30/2015,WTP 10,230,9,176.2,2.36,2.25,4/1/2010,5.25,5,4143.0293,2009.8657,679.0611,497.1318,386.9884,483.177,,,,86.8053,4143.0293,0,0.00%,103,144,173,196,225,,,
Wateree,6/30/2015,WTP 11,200,8,130.5,2.30,2.12,4/1/2010,5.25,5,4189.3322,2219.3513,548.6638,483.6238,364.9658,394.4059,,,,178.3216,4189.3322,0,0.00%,98,127,152,170,191,,,
Wateree,6/30/2015,WTP 12,213,8,140.9,2.33,2.15,4/1/2010,5.25,5,4453.1683,2538.6879,542.8591,413.7826,352.1647,315.7847,,,,289.8893,4453.1683,0,0.00%,114,142,164,182,198,,,
Wateree,6/30/2015,WTP 13,187,7,97.4,2.27,1.99,4/1/2010,5.25,5,4128.6279,2071.469,722.4957,496.5884,311.5381,343.6277,,,,182.909,4128.6279,0,0.00%,86,121,146,161,178,,,
Wateree,6/30/2015,WTP 15,237,9,204,2.37,2.31,4/1/2010,5.25,5,4614.5656,2346.3913,737.2435,465.9957,489.2484,491.0112,,,,84.6755,4614.5656,0,0.00%,113,153,179,205,232,,,
Wateree,6/30/2015,WTP 16,222,9,172.9,2.35,2.24,4/1/2010,5.25,5,4091.3577,2081.7925,698.2722,404.1435,315.3284,427.0129,,,,164.8082,4091.3577,0,0.00%,105,146,169,188,212,,,
Wateree,6/30/2015,WTP 17,219,9,156.8,2.34,2.20,4/1/2010,5.25,5,4292.7977,1933.3411,918.3333,449.8,364.0275,470.6846,,,,156.6112,4292.7977,0,0.00%,90,140,165,185,210,,,
Wateree,6/30/2015,WTP 18,213,8,57.2,2.33,1.76,4/1/2010,5.25,5,4045.7622,1998.2522,588.1836,461.3762,360.4997,521.8621,,,,115.5884,4045.76,0.00,0.00%,97,130,156,177,206,,,
Wateree,6/30/2015,WTP 20,195,8,108,2.29,2.03,4/1/2010,5.25,5,3852.8457,2065.2293,595.6946,365.0151,250.711,378.3808,,,,197.8149,3852.85,0,0.00%,97,130,150,163,184,,,
Wateree,6/30/2015,WTP 22,206,8,132.4,2.31,2.12,4/1/2010,5.25,5,4282.8612,2183.0932,754.6893,477.8954,351.5508,370.6427,,,,144.9898,4282.86,0,0.00%,97,136,161,179,198,,,
Wateree,6/30/2015,WTP 23,208,8,131.3,2.32,2.12,4/1/2010,5.25,5,4538.5747,2105.1109,870.8065,505.0347,470.034,509.5763,,,,78.0123,4538.57,0,0.00%,88,131,156,179,204,,,
Wateree,6/30/2015,WTP 24,206,8,128.8,2.31,2.11,4/1/2010,5.25,5,4462.0802,2172.4972,584.4998,675.8461,321.6022,339.6763,,,,367.9586,4462.08,0,0.00%,92,121,155,171,188,,,
Wateree,6/30/2015,WTP 26,208,8,139.5,2.32,2.14,4/1/2010,5.25,5,4412.6115,2154.0334,666.1081,543.1243,544.8119,371.9032,,,,132.6306,4412.61,0,0.00%,93,127,155,182,201,,,
Wateree,6/30/2015,WTP 31,215,8,140.5,2.33,2.15,4/1/2010,5.25,5,4195.8365,2131.3095,773.0692,412.0825,359.4496,373.786,,,,146.1397,4195.84,0,0.00%,101,144,167,186,207,,,
Wateree,6/30/2015,WTP 34,209,8,143.4,2.32,2.16,4/1/2010,5.25,5,3995.09,1886.9595,676.3254,434.6999,452.3538,447.7946,,,,96.9568,3995.09,0,0.00%,90,128,153,178,204,,,
Wateree,6/30/2015,WTP 37,199,8,117,2.30,2.07,4/1/2010,5.25,5,4299.2585,2199.2844,714.6048,394.4515,390,448.3971,,,,152.5207,4299.26,0,0.00%,94,130,149,169,191,,,
Wateree,6/30/2015,WTP 43,208,8,142.5,2.32,2.15,4/1/2010,5.25,5,4710.0955,2206.4669,739.8513,600.5398,318.9608,543.7205,,,,300.5562,4710.10,0,0.00%,89,124,153,168,194,,,
Wateree,6/30/2015,WTP 44,213,8,145.5,2.33,2.16,4/1/2010,5.25,5,4094.911,1854.4757,789.5644,359.0487,356.6343,460.1261,,,,275.0618,4094.91,0,0.00%,88,132,152,172,198,,,
Wateree,6/30/2015,WTP 57,201,8,130.1,2.30,2.11,4/1/2010,5.25,5,4253.6446,2125.1353,700.5883,416.4277,304.6441,512.6753,,,,194.1739,4253.64,0,0.00%,92,128,149,165,191,,,
Wateree,6/30/2015,WTP 64,215,8,142.4,2.33,2.15,4/1/2010,5.25,5,3971.1117,2123.6356,588.5202,344.308,323.1099,378.9512,,,,212.5868,3971.11,0,0.00%,107,142,162,181,203,,,
Wateree,6/30/2015,WTP 76,201,8,118.3,2.30,2.07,4/1/2010,5.25,5,3845.7192,2072.9544,653.4493,305.9412,291.2937,421.4119,,,,100.6687,3845.72,0,0.00%,101,138,155,172,195,,,
Wateree,6/30/2015,WTP 78,212,8,141,2.33,2.15,4/1/2010,5.25,5,3969.6111,1827.0468,672.9636,531.5336,314.8714,433.2066,,,,189.9891,3969.61,0,0.00%,89,128,158,176,201,,,
Wateree,6/30/2015,WTP21,242,10,218,2.38,2.34,4/1/2010,5.25,5,4703.8201,2492.7744,767.6484,544.8119,482.9907,378.8087,,,,36.786,4703.8201,0,0.00%,121,163,193,219,240,,,
Wateree,6/30/2015,WTP28,242,10,209.1,2.38,2.32,4/1/2010,5.25,5,4560.0987,2170.8478,797.797,387.3603,431.0406,604.1258,,,,168.9272,4560.0987,0,0.00%,107,152,174,198,232,,,
Wateree,6/30/2015,WTP74,267,11,283.2,2.43,2.45,4/1/2010,5.25,5,4515.9756,2135.9073,582.371,544.7128,491.1578,434.6999,,,,327.1268,4515.9756,0,0.00%,118,154,188,219,246,,,
Wateree,5/5/2015,WTP 03,180,7,80,2.26,1.90,4/1/2011,4.10,4,3689.4731,2079.725,784.6248,417.8516,314.3565,,,,,92.9152,3689.4731,0,0.00%,94,136,158,175,,,,
Wateree,6/30/2015,WTP 14,195,8,108.2,2.29,2.03,4/1/2012,3.25,3,3584.2104,1904.8748,826.6075,551.5433,,,,,,301.1848,3584.2104,0,0.00%,96,145,177,,,,,
Wateree,5/5/2015,WTP 04,165,6,63.4,2.22,1.80,4/1/2013,2.09,2,3316.0953,2098.3279,1133.1743,,,,,,,84.5931,3316.0953,0,0.00%,98,160,,,,,,
Wateree,6/30/2015,WTP62,178,7,87.8,2.25,1.94,4/1/2013,2.25,2,3604.0228,2184.4697,1100.6362,,,,,,,318.9169,3604.0228,0,0.00%,101,161,,,,,,
Wateree,5/5/2015,WTP 09,124,5,22.3,2.09,1.35,4/1/2014,1.09,1,2451.123,2327.536,,,,,,,,123.587,2451.123,0,0.00%,117,,,,,,,
Wateree,6/4/2015,WTP 09,133,5,29,2.12,1.46,4/1/2014,1.18,1,2588.9426,2448.9777,,,,,,,,139.9649,2588.9426,0,0.00%,125,,,,,,,
Murray,3/13/2016,A4,271,11,300,2.432969291,2.477121255,4/1/2009,6.95,7,5079.8567,1739.9586,756.8567,510.5291,421.5827,397.1347,414.478,429.3251,,409.9918,5079.8567,0,0.00%,75,119,149,174,197,222,247,
Murray,6/8/2015,WTP 37,260,10,277.9,2.414973348,2.443888547,4/1/2009,6.19,6,4795.2952,1882.1743,935.4806,679.2466,356.8865,359.4496,488.954,,,93.1036,4795.2952,0,0.00%,85,141,182,204,225,254,,
Murray,6/8/2015,WTP 02,257,10,306.2,2.409933123,2.486005186,4/1/2010,5.19,5,4679.373,1968.0823,851.4294,719.1996,498.0361,475.0621,,,,167.5635,4679.373,0,0.00%,92,144,188,218,247,,,
Murray,6/8/2015,WTP 15,271,11,213.5,2.432969291,2.329397879,4/1/2010,5.19,5,5178.9489,2063.6947,1352.2515,715.2091,612,371.4674,,,,64.3262,5178.9489,0,0.00%,91,169,211,246,267,,,
Murray,6/8/2015,WTP 16,212,8,131.5,2.326335861,2.118925753,4/1/2010,5.19,5,4079.3823,1903.0596,641.3548,489.5794,457.3008,459.2254,,,,128.8623,4079.3823,0,0.00%,84,122,151,177,204,,,
Murray,6/8/2015,WTP 23,197,8,105.6,2.294466226,2.023663918,4/1/2010,5.19,5,4218.1195,1899.7652,783.5228,482.9907,303.2227,595.6946,,,,152.9235,4218.1195,0,0.00%,74,115,141,157,189,,,
Murray,6/8/2015,WTP 32,226,9,175.6,2.354108439,2.244524512,4/1/2010,5.19,5,4047.6215,1156.32,820.0927,308.519,341.526,419.3567,,,,1001.8071,4047.6215,0,0.00%,45,96,116,137,163,,,
Murray,6/8/2015,WTP 36,258,10,275.8,2.411619706,2.440594262,4/1/2010,5.19,5,4546.5631,1897.9168,815.9338,649.3597,727.4861,351.602,,,,104.2647,4546.5631,0,0.00%,92,143,184,229,251,,,
Murray,3/13/2016,A2,271,11,314,2.432969291,2.496929648,4/1/2011,4.95,5,4627.101,2208.758,679.0611,472.6309,665.4592,349.0845,,,,252.1073,4627.101,0,0.00%,115,159,189,232,255,,,
Murray,6/8/2015,WTP 06,233,9,180.4,2.367355921,2.256236533,4/1/2011,4.19,4,3960.1136,2000.089,592.7563,299.88,814.6091,,,,,252.7792,3960.1136,0,0.00%,104,143,163,216,,,,
Murray,6/8/2015,WTP 07,230,9,184.7,2.361727836,2.266466895,4/1/2011,4.19,4,4534.7062,2470.383,903.274,601.7076,440.3362,,,,,119.0054,4534.7062,0,0.00%,113,164,198,223,,,,
Murray,6/8/2015,WTP 08,257,10,268.0,2.409933123,2.428134794,4/1/2011,4.19,4,4310.8612,1827.2832,1135.396,780,406.6743,,,,,161.5077,4310.8612,0,0.00%,93,168,219,246,,,,
Murray,6/8/2015,WTP 10,220,9,145.1,2.342422681,2.161667412,4/1/2011,4.19,4,3927.1822,2131.4192,888.3648,523.4119,375.8989,,,,,8.0874,3927.1822,0,0.00%,107,163,196,219,,,,
Murray,6/8/2015,WTP 25,225,9,175.8,2.352182518,2.245018871,4/1/2011,4.19,4,4026.7332,2354.1189,679.5116,488.4752,340.9457,,,,,163.6818,4026.7332,0,0.00%,120,163,193,215,,,,
Murray,6/8/2015,WTP 26,223,9,156.7,2.348304863,2.195068996,4/1/2011,4.19,4,4313.8122,2504.7898,835.3802,517.7065,396.2272,,,,,59.7085,4313.8122,0,0.00%,118,166,197,220,,,,
Murray,6/8/2015,WTP 28,223,9,186.3,2.348304863,2.270212855,4/1/2011,4.19,4,4582.9357,2188.0265,1053.423,696.5429,542.6601,,,,,102.2832,4582.9357,0,0.00%,92,150,188,217,,,,
Murray,6/8/2015,WTP 33,191,8,106.5,2.281033367,2.027349608,4/1/2011,4.19,4,3905.5391,2334.4627,753.233,436.8066,346.6526,,,,,34.3842,3905.5391,0,0.00%,103,145,170,189,,,,
Murray,6/8/2015,WTP 34,203,8,108.9,2.307496038,2.03702788,4/1/2011,4.19,4,4026.7332,1884.3535,826.9776,515.7558,539.3663,,,,,260.28,4026.7332,0,0.00%,80,128,157,188,,,,
Murray,3/9/2016,A5,248,10,232.4,2.394451681,2.366236124,4/1/2012,3.94,4,4171.3422,2230.6609,714.0756,587.9388,335.6784,,,,,302.9885,4171.3422,0,0.00%,120,167,206,228,,,,
Murray,3/9/2016,B6,280,11,392.1,2.447158031,2.593396842,4/1/2012,3.94,4,4553.0829,2121.7021,793.3852,561.7295,640.6528,,,,,435.6133,4553.0829,0,0.00%,116,169,207,251,,,,
Murray,3/9/2016,C2,252,10,276.1,2.401400541,2.441066407,4/1/2012,3.94,4,4407.5299,2034.7078,901.7782,668.4819,590.4744,,,,,212.0876,4407.5299,0,0.00%,101,159,201,239,,,,
Murray,3/13/2016,A1,248,10,247,2.394451681,2.392696953,4/1/2012,3.95,4,4501.7197,1993.7432,1317.2699,548.4998,410.8576,,,,,231.3492,4501.7197,0,0.00%,94,175,209,234,,,,
Murray,6/8/2015,WTP 11,202,8,128.6,2.305351369,2.109240969,4/1/2012,3.19,3,3763.0764,2280.2684,556.223,644.5464,,,,,,282.0386,3763.0764,0,0.00%,112,145,185,,,,,
Murray,6/8/2015,WTP 13,227,9,182.5,2.356025857,2.261262869,4/1/2012,3.19,3,4367.015,2235.8998,1160.5464,839.0781,,,,,,131.4907,4367.015,0,0.00%,103,170,219,,,,,
Murray,6/8/2015,WTP 14,203,8,111.8,2.307496038,2.048441804,4/1/2012,3.19,3,3830.106,2303.0154,1022.8196,391.1521,,,,,,113.1189,3830.106,0,0.00%,111,173,196,,,,,
Murray,6/8/2015,WTP 17,202,8,105.0,2.305351369,2.021189299,4/1/2012,3.19,3,3867.9902,1798.4894,833.5682,898.1782,,,,,,337.7544,3867.9902,0,0.00%,79,129,182,,,,,
Murray,6/8/2015,WTP 22,200,8,122.2,2.301029996,2.087071206,4/1/2012,3.19,3,3798.763,2300.8885,568.9569,668.4819,,,,,,260.4357,3798.763,0,0.00%,110,144,184,,,,,
Murray,6/8/2015,WTP 27,196,8,128.1,2.292256071,2.10754913,4/1/2012,3.19,3,3808.7667,2073.7444,1053.3546,574.5294,,,,,,107.1383,3808.7667,0,0.00%,94,156,190,,,,,
Murray,6/8/2015,WTP 29,202,8,120.2,2.305351369,2.079904468,4/1/2012,3.19,3,3663.8832,2297.718,802.521,394.4515,,,,,,169.1927,3663.8832,0,0.00%,116,167,191,,,,,
Murray,6/8/2015,WTP 30,220,9,165.7,2.342422681,2.219322508,4/1/2012,3.19,3,3848.1289,2341.4611,816.0882,607.1573,,,,,,83.4223,3848.1289,0,0.00%,123,176,215,,,,,
Murray,6/8/2015,WTP 31,201,8,131.9,2.303196057,2.120244796,4/1/2012,3.19,3,3689.5268,1424.681,1354.3796,711.1962,,,,,,199.27,3689.5268,0,0.00%,61,145,189,,,,,
Murray,6/8/2015,WTP 01,183,7,84.1,2.26245109,1.924795996,4/1/2013,2.19,2,3393.614,2290.7824,1004.01,,,,,,,98.8216,3393.614,0,0.00%,115,177,,,,,,
Murray,6/8/2015,WTP 03,222,9,176.0,2.346352974,2.245512668,4/1/2013,2.19,2,4145.8437,2783.515,1064.4379,,,,,,,297.8908,4145.8437,0,0.00%,140,204,,,,,,
Murray,6/8/2015,WTP 04,185,7,86.5,2.267171728,1.937016107,4/1/2013,2.19,2,3268.585,2319.7121,835.7464,,,,,,,113.1265,3268.585,0,0.00%,123,178,,,,,,
Murray,6/8/2015,WTP 05,190,7,100.2,2.278753601,2.000867722,4/1/2013,2.19,2,3614.4958,2260.8538,1168.4605,,,,,,,185.1815,3614.4958,0,0.00%,109,179,,,,,,
Murray,6/8/2015,WTP 09,195,8,110.3,2.290034611,2.042575512,4/1/2013,2.19,2,3932.4725,2689.4193,1011.8854,,,,,,,231.1678,3932.4725,0,0.00%,125,182,,,,,,
Murray,6/8/2015,WTP 12,202,8,135.1,2.305351369,2.130655349,4/1/2013,2.19,2,3673.6663,2606.4942,825.5616,,,,,,,241.6105,3673.6663,0,0.00%,135,187,,,,,,
Murray,6/8/2015,WTP 18,188,7,102.0,2.274157849,2.008600172,4/1/2013,2.19,2,3580.9496,2608.296,784.4412,,,,,,,188.2124,3580.9496,0,0.00%,129,177,,,,,,
Murray,6/8/2015,WTP 19,192,8,85.9,2.283301229,1.933993164,4/1/2013,2.19,2,3285.4698,1950.7291,1165.4373,,,,,,,169.3034,3285.4698,0,0.00%,103,181,,,,,,
Murray,6/8/2015,WTP 20,195,8,123.4,2.290034611,2.09131516,4/1/2013,2.19,2,4045.6377,2825.8726,867.7626,,,,,,,352.0025,4045.6377,0,0.00%,128,176,,,,,,
Murray,6/8/2015,WTP 21,185,7,94.4,2.267171728,1.974971994,4/1/2013,2.19,2,3419.3578,2134.7271,1032.279,,,,,,,252.3517,3419.3578,0,0.00%,105,169,,,,,,
Murray,6/8/2015,WTP 24,208,8,137.5,2.318063335,2.138302698,4/1/2013,2.19,2,3842.7834,2584.8791,1077.4136,,,,,,,180.4907,3842.7834,0,0.00%,131,197,,,,,,
Murray,6/8/2015,WTP 35,199,8,112.4,2.298853076,2.050766311,4/1/2013,2.19,2,3769.2466,2313.2471,1019.7353,,,,,,,436.2642,3769.2466,0,0.00%,111,173,,,,,,
Murray,6/8/2015,WTP 38,147,6,44.4,2.167317335,1.64738297,4/1/2013,2.19,2,3301.0744,2119.1555,906.7149,,,,,,,275.204,3301.0744,0,0.00%,84,132,,,,,,
Murray,3/9/2016,A2,170,7,64.7,2.230448921,1.810904281,4/1/2014,1.94,2,3450.02,2100.4628,830.3879,,,,,,,519.1702,3450.0209,0,0.00%,93,140,,,,,,
Murray,3/9/2016,C3,165,6,67.1,2.217483944,1.82672252,4/1/2014,1.94,2,3177.8936,1822.5883,1030.6037,,,,,,,324.7016,3177.8936,0,0.00%,83,145,,,,,,
Murray,3/9/2016,C5,168,7,58.6,2.225309282,1.767897616,4/1/2014,1.94,2,3457.3851,2048.7518,1031.8605,,,,,,,376.7728,3457.3851,0,0.00%,88,147,,,,,,
Murray,3/9/2016,C6,172,7,69.5,2.235528447,1.841984805,4/1/2014,1.94,2,3470.5579,1979.0634,979.0485,,,,,,,512.446,3470.5579,0,0.00%,86,143,,,,,,
Murray,3/13/2016,B6,183,7,85,2.26245109,1.929418926,4/1/2014,1.95,2,3403.9941,1956.5889,883.5497,,,,,,,563.8555,3403.9941,0,0.00%,93,148,,,,,,
Murray,3/13/2016,C2,165,6,56,2.217483944,1.748188027,4/1/2014,1.95,2,3470.5994,2425.6702,637.3006,,,,,,,407.6286,3470.5994,0,0.00%,107,142,,,,,,
Murray,3/13/2016,C3,185,7,89,2.267171728,1.949390007,4/1/2014,1.95,2,3705.9266,2592.2847,617.3006,,,,,,,496.3413,3705.9266,0,0.00%,121,157,,,,,,
Murray,3/13/2016,D3,155,6,48,2.190331698,1.681241237,4/1/2014,1.95,2,3172.5422,1907.0658,853.815,,,,,,,411.6614,3172.5422,0,0.00%,82,131,,,,,,
Murray,3/9/2016,B2,165,6,62.9,2.217483944,1.798650645,4/1/2015,0.94,1,3346.9891,2489.3565,,,,,,,,857.6326,3346.9891,0,0.00%,116,,,,,,,
Murray,3/9/2016,C4,155,6,45.1,2.190331698,1.654176542,4/1/2015,0.94,1,2873.8747,2214.5284,,,,,,,,659.3463,2873.8747,0,0.00%,113,,,,,,,
Murray,3/13/2016,D2,149,6,44,2.173186268,1.643452676,4/1/2015,0.95,1,2948.9374,2103.7082,,,,,,,,845.2292,2948.9374,0,0.00%,98,,,,,,,
Monticello,2/7/2016,MO 1 D2,243,9,228.8,2.385606274,2.35945602,4/1/2009,6.86,7,4065.8933,1200.195,602.7835,362.243,430.1628,483.177,416.125,378.9512,,192.2558,4065.8933,0,0.00%,11,60,89,124,163,197,227,
Monticello,2/7/2016,MO 3 D4,203,7,125.7,2.307496038,2.099335278,4/1/2009,6.86,7,4250.1054,2048.3564,668.9126,378.9512,262.9753,209.571,282.0638,300.5395,,98.7356,4250.1054,0,0.00%,53,99,124,142,157,176,196,
Monticello,2/7/2016,MO 4 A2,163,6,61.6,2.212187604,1.789580712,4/1/2009,6.86,7,4024.9224,2138.5771,703.1017,228.4732,268.3282,220.2907,225.4595,185.2242,,55.4678,4024.9224,0,0.00%,46,90,104,120,134,148,160,
Monticello,2/7/2016,MO 1 A3,273,10,394.8,2.436162647,2.596377144,4/1/2010,5.86,6,4634.9874,1995.1511,1009.9446,435.1965,315.7847,315.7847,492.0366,,,71.0892,4634.9874,0,0.00%,68,147,180,205,229,267,,
Monticello,2/7/2016,MO 1 A6,283,11,398.3,2.451786436,2.600210306,4/1/2010,5.86,6,4584.8245,1625.6014,756.5236,598.3477,452.3538,619.4837,435.6926,,,96.8217,4584.8245,0,0.00%,45,106,154,190,240,275,,
Monticello,2/7/2016,MO 1 B1,267,10,314.8,2.426511261,2.498034724,4/1/2010,5.86,6,4223.8381,1634.4907,780,406.6743,294.2448,548.3357,485.963,,,74.1296,4223.8381,0,0.00%,50,116,150,174,220,261,,
Monticello,2/7/2016,MO 1 B2,255,10,258.7,2.40654018,2.412796429,4/1/2010,5.86,6,4015.1658,1857.3271,617.3006,378.4283,241.4953,399.845,453.8634,,,66.9061,4015.1658,0,0.00%,72,124,156,177,211,249,,
Monticello,2/7/2016,MO 1 B6,249,9,245.8,2.396199347,2.390581879,4/1/2010,5.86,6,4479.8951,1768.3823,662.3141,385.1701,337.8165,527.5225,656.4998,,,142.1898,4479.8951,0,0.00%,46,96,124,150,189,238,,
Monticello,2/7/2016,MO 1 C5,247,9,226.9,2.392696953,2.355834496,4/1/2010,5.86,6,4816.8454,1607.1938,887.1077,527.0787,510.5291,626.3322,532.6162,,,125.9877,4816.8454,0,0.00%,25,86,123,158,201,238,,
Monticello,2/7/2016,MO 2 A1,248,9,259.7,2.394451681,2.41447195,4/1/2010,5.86,6,4838.4336,1779.7663,1102.45,447.7946,343.4705,457.4582,485.7407,,,221.7533,4838.4336,0,0.00%,37,113,144,167,199,233,,
Monticello,2/7/2016,MO 2 A5,212,8,158.0,2.326335861,2.198657087,4/1/2010,5.86,6,4052.2438,1486.3055,818.9286,464.8355,420.0429,335.6784,311.5381,,,214.9148,4052.2438,0,0.00%,23,83,118,149,173,196,,
Monticello,2/7/2016,MO 2 B4,187,7,112.3,2.271841607,2.050379756,4/1/2010,5.86,6,3959.4272,1772.6116,642.4204,401.1035,271.6616,331.3608,321.2102,,,219.0591,3959.4272,0,0.00%,36,80,108,127,150,172,,
Monticello,2/7/2016,MO 2 C4,191,7,97.9,2.281033367,1.990782692,4/1/2010,5.86,6,4084.1802,1644.8866,650.0246,271.6616,340.7873,399.845,582.4946,,,194.4805,4084.1802,0,0.00%,25,69,88,111,138,178,,
Monticello,2/7/2016,MO 2 D3,171,6,73.7,2.23299611,1.867467488,4/1/2010,5.86,6,3979.2622,1688.9121,810.7108,405.6107,285.0474,330.0545,386.4764,,,72.4503,3979.2622,0,0.00%,23,75,102,120,141,166,,
Monticello,2/7/2016,MO 3 A6,180,7,95.3,2.255272505,1.979092901,4/1/2010,5.86,6,4079.7529,2190.2055,594.7571,375.6594,240,279.1129,341.6314,,,58.3866,4079.7529,0,0.00%,57,95,120,136,154,176,,
Monticello,2/7/2016,MO 3 C1,177,6,77.2,2.247973266,1.8876173,4/1/2010,5.86,6,3582.407,1540.2247,563.6488,491.3044,311.3647,308.8689,263.1805,,,103.815,3582.407,0,0.00%,27,68,104,127,150,169,,
Monticello,2/7/2016,MO 3 C5,148,5,43.1,2.170261715,1.63447727,4/1/2010,5.86,6,3639.251,1884.0382,729.9315,330.4361,207.239,199.7198,209.3132,,,78.5732,3639.251,0,0.00%,35,82,103,117,129,143,,
Monticello,2/7/2016,MO 3 C6,154,6,45.2,2.187520721,1.655138435,4/1/2010,5.86,6,3712.2985,1604.829,824.8854,371.0795,309.7418,297.953,260.7758,,,43.034,3712.2985,0,0.00%,18,71,95,115,134,151,,
Monticello,2/7/2016,MO 3 D1,161,6,59.5,2.206825876,1.774516966,4/1/2010,5.86,6,3869.6837,1918.6871,598.3477,431.2076,174.9286,320.9299,277.4311,,,148.1517,3869.6837,0,0.00%,36,75,102,113,134,152,,
Monticello,2/7/2016,MO 3 D6,171,6,68.1,2.23299611,1.833147112,4/1/2010,5.86,6,4162.5473,1758.1638,780.2077,512.9561,338.7743,299.88,376.6165,,,95.9489,4162.5473,0,0.00%,22,71,102,123,142,165,,
Monticello,2/7/2016,MO 4 A1,143,5,38.5,2.155336037,1.58546073,4/1/2010,5.86,6,3943.0775,1890.7618,786.6181,379.9474,296.3781,325.3859,237.3605,,,26.6257,3943.0775,0,0.00%,24,69,91,109,128,141,,
Monticello,2/7/2016,MO 4 A6,155,6,49.8,2.190331698,1.697229343,4/1/2010,5.86,6,3704.372,1872.1731,644.0155,316.1835,258.2789,277.9496,272.9176,,,62.8538,3704.372,0,0.00%,36,78,98,115,133,151,,
Monticello,2/7/2016,MO 1 B5,224,8,185.8,2.350248018,2.26904571,4/1/2011,4.86,5,4353.276,2052.4649,915.8603,427.8551,363.2355,367.6194,,,,226.2408,4353.276,0,0.00%,60,125,156,182,208,,,
Monticello,2/7/2016,MO 1 C3,268,10,303.3,2.428134794,2.48187241,4/1/2011,4.86,5,4612.7827,1800.7698,832.9634,398.447,886.2347,622.4404,,,,71.9274,4612.7827,0,0.00%,52,116,147,215,262,,,
Monticello,2/7/2016,MO 1 D5,218,8,154.7,2.338456494,2.189490314,4/1/2011,4.86,5,4154.8646,1755.0897,861.5173,342.0526,574.8113,486.2592,,,,135.1345,4154.8646,0,0.00%,42,105,130,172,208,,,
Monticello,2/7/2016,MO 2 C3,211,8,140.0,2.324282455,2.146128036,4/1/2011,4.86,5,4456.013,1772.5101,775.6958,470.034,488.954,734.8959,,,,213.9232,4456.013,0,0.00%,32,84,115,148,197,,,
Monticello,2/7/2016,MO 2 C6,196,7,128.7,2.292256071,2.109578547,4/1/2011,4.86,5,3963.6074,2116.5292,611.5292,351.2947,225.4595,531.6014,,,,127.1934,3963.6074,0,0.00%,64,108,133,149,187,,,
Monticello,2/7/2016,MO 3 A4,194,7,114.2,2.28780173,2.057666104,4/1/2011,4.86,5,4073.4477,1831.5731,900,320.7055,311.1913,484.6648,,,,225.313,4073.4477,0,0.00%,40,102,124,145,178,,,
Monticello,2/7/2016,MO 3 A5,183,7,104.5,2.26245109,2.01911629,4/1/2011,4.86,5,3846.3931,2287.4562,483.9215,436.8066,330.2181,246.6577,,,,61.333,3846.3931,0,0.00%,74,108,138,161,179,,,
Monticello,2/7/2016,MO 3 B5,171,6,72.0,2.23299611,1.857332496,4/1/2011,4.86,5,3903.2709,2180.2138,552.2934,385.1701,330.4905,349.1361,,,,105.967,3903.2709,0,0.00%,57,94,119,141,164,,,
Monticello,2/7/2016,MO 3 C3,192,7,104.1,2.283301229,2.01745073,4/1/2011,4.86,5,3864.0932,1839.5065,846.9144,425.0271,308.8689,339.8882,,,,103.8881,3864.0932,0,0.00%,46,107,138,160,185,,,
Monticello,2/7/2016,MO 3 D2,160,6,53.9,2.204119983,1.731588765,4/1/2011,4.86,5,3817.2121,2138.0973,860.2628,387.7319,220.6173,161.5549,,,,48.9479,3817.2121,0,0.00%,52,107,132,146,157,,,
Monticello,2/7/2016,MO 1 A1,258,10,321.4,2.411619706,2.507045872,4/1/2012,3.85,4,4512.5186,2120.4801,666.9453,695.8448,944.4427,,,,,84.8057,4512.5186,0,0.00%,75,126,179,252,,,,
Monticello,2/7/2016,MO 1 A2,254,10,293.4,2.404833717,2.46746011,4/1/2012,3.85,4,4293.5733,2030.2532,803.5745,739.3646,656.3079,,,,,64.0731,4293.5733,0,0.00%,75,138,197,249,,,,
Monticello,2/7/2016,MO 1 A4,267,10,321.3,2.426511261,2.506910726,4/1/2012,3.85,4,4446.7935,2302.82,581.2882,576.6247,864.937,,,,,121.1236,4446.7935,0,0.00%,97,143,189,257,,,,
Monticello,2/7/2016,MO 1 A5,270,10,378.0,2.431363764,2.5774918,4/1/2012,3.85,4,4360.9105,2126.5155,634.6401,1003.0234,564.6698,,,,,32.0617,4360.9105,0,0.00%,87,139,221,267,,,,
Monticello,2/7/2016,MO 1 B3,284,11,387.3,2.45331834,2.588047497,4/1/2012,3.85,4,4937.3693,2449.7126,648.9438,808.2871,941.3692,,,,,89.0566,4937.3693,0,0.00%,97,146,207,277,,,,
Monticello,2/7/2016,MO 1 B4,265,10,293.0,2.423245874,2.46686762,4/1/2012,3.85,4,4552.2882,2074.4561,662.7217,827.5651,923.006,,,,,64.5393,4552.2882,0,0.00%,74,125,189,260,,,,
Monticello,2/7/2016,MO 1 C1,270,10,361.7,2.431363764,2.558348509,4/1/2012,3.85,4,4392.9876,1957.0028,876.6778,812.197,582.4946,,,,,164.6154,4392.9876,0,0.00%,72,144,209,257,,,,
Monticello,2/7/2016,MO 1 C2,235,9,194.4,2.371067862,2.288696261,4/1/2012,3.85,4,3882.8902,1934.2347,519.2341,680.7819,644.0155,,,,,104.624,3882.8902,0,0.00%,74,117,173,226,,,,
Monticello,2/7/2016,MO 1 C4,240,9,220.2,2.380211242,2.342817315,4/1/2012,3.85,4,4231.8719,2246.317,690.9385,474.721,690.9385,,,,,128.9569,4231.8719,0,0.00%,87,140,177,230,,,,
Monticello,2/7/2016,MO 1 C6,245,9,231.6,2.389166084,2.364738555,4/1/2012,3.85,4,4414.5364,1774.7225,701.41,939.1486,779.2612,,,,,219.9941,4414.5364,0,0.00%,47,100,170,228,,,,
Monticello,2/7/2016,MO 1 D1,247,9,239.7,2.392696953,2.379668034,4/1/2012,3.85,4,4561.113,2200.8553,856.0678,733.1794,645.3836,,,,,125.6269,4561.113,0,0.00%,75,137,191,238,,,,
Monticello,2/7/2016,MO 1 D4,228,8,187.8,2.357934847,2.273695588,4/1/2012,3.85,4,4134.4876,1920.1687,838.7133,356.7856,889.8831,,,,,128.9369,4134.4876,0,0.00%,60,123,151,218,,,,
Monticello,2/7/2016,MO 2 A3,207,8,144.3,2.315970345,2.159266331,4/1/2012,3.85,4,3727.082,2015.1605,751.4386,534,289.9931,,,,,136.4898,3727.082,0,0.00%,72,131,173,196,,,,
Monticello,2/7/2016,MO 2 B1,195,7,118.3,2.290034611,2.072984745,4/1/2012,3.85,4,4017.8009,1878.5271,806.7713,602.7835,566.0389,,,,,163.6801,4017.8009,0,0.00%,45,102,144,184,,,,
Monticello,2/7/2016,MO 2 B2,225,8,169.3,2.352182518,2.228656958,4/1/2012,3.85,4,4217.8976,2087.1895,787.4643,686.8886,500.9192,,,,,155.436,4217.8976,0,0.00%,68,126,177,214,,,,
Monticello,2/7/2016,MO 2 B5,209,8,139.3,2.320146286,2.143951116,4/1/2012,3.85,4,4362.9573,2262.1989,673.6319,561.8256,654.6602,,,,,210.6407,4362.9573,0,0.00%,67,112,150,195,,,,
Monticello,2/7/2016,MO 2 C2,206,8,136.1,2.31386722,2.133858125,4/1/2012,3.85,4,3908.6903,2310.7791,620.1226,362.4914,483.177,,,,,132.1202,3908.6903,0,0.00%,86,133,160,196,,,,
Monticello,2/7/2016,MO 2 D2,207,8,147.6,2.315970345,2.169086357,4/1/2012,3.85,4,3577.5752,1930.2104,480.6745,463.517,564.1276,,,,,139.0457,3577.5752,0,0.00%,72,111,149,196,,,,
Monticello,2/7/2016,MO 2 D5,192,7,110.2,2.283301229,2.042181595,4/1/2012,3.85,4,3870.1163,2282.3041,486.925,434.6999,529.5319,,,,,136.6554,3870.1163,0,0.00%,78,113,144,182,,,,
Monticello,2/7/2016,MO 2 D6,182,7,86.8,2.260071388,1.938519725,4/1/2012,3.85,4,4035.7929,2003.982,676.8309,510.8816,647.611,,,,,196.4874,4035.7929,0,0.00%,47,92,126,169,,,,
Monticello,2/7/2016,MO 3 A2,219,8,152.9,2.340444115,2.184407485,4/1/2012,3.85,4,3979.0677,2212.894,552.2934,465.7252,518.4014,,,,,229.7537,3979.0677,0,0.00%,83,126,162,201,,,,
Monticello,2/7/2016,MO 3 A3,195,7,134.7,2.290034611,2.129367596,4/1/2012,3.85,4,3932.532,2245.1387,630.7139,389.6306,480.2999,,,,,186.7489,3932.532,0,0.00%,74,119,147,182,,,,
Monticello,2/7/2016,MO 3 B2,197,7,125.9,2.294466226,2.10002573,4/1/2012,3.85,4,3886.157,2186.4464,617.7378,523.4119,478.2343,,,,,80.3266,3886.157,0,0.00%,73,118,156,191,,,,
Monticello,2/7/2016,MO 3 B3,152,5,55.1,2.181843588,1.741151599,4/1/2012,3.85,4,3472.0513,2328.5103,479.5498,369.524,266.5108,,,,,27.9564,3472.0513,0,0.00%,73,106,132,150,,,,
Monticello,2/7/2016,MO 3 B4,199,7,116.7,2.298853076,2.067070856,4/1/2012,3.85,4,3459.8156,1994.33,539.3997,305.9412,445.9417,,,,,174.203,3459.8156,0,0.00%,78,123,148,185,,,,
Monticello,2/7/2016,MO 3 D3,201,7,124.8,2.303196057,2.096214585,4/1/2012,3.85,4,4111.3793,2150.5209,728.7469,533.3254,548.8934,,,,,149.8927,4111.3793,0,0.00%,64,115,152,191,,,,
Monticello,2/7/2016,MO 3 D5,156,6,47.8,2.193124598,1.679427897,4/1/2012,3.85,4,3336.8254,2195.918,512.2538,308.519,301.3171,,,,,18.8175,3336.8254,0,0.00%,73,110,133,155,,,,
Monticello,2/7/2016,MO 4 A3,149,5,50.8,2.173186268,1.705863712,4/1/2012,3.85,4,3387.1315,2191.6432,537.2262,316.8659,284.605,,,,,56.7912,3387.1315,0,0.00%,66,103,125,145,,,,
Monticello,2/7/2016,MO 4 A4,157,6,53.6,2.195899652,1.72916479,4/1/2012,3.85,4,3704.8044,2436.9235,592.7563,395.5452,226.1769,,,,,53.4025,3704.8044,0,0.00%,74,113,139,153,,,,
Monticello,2/7/2016,MO 2 A6,213,8,171.1,2.328379603,2.23325001,4/1/2013,2.85,3,3831.2948,2114.734,656.7465,752.8984,,,,,,306.9159,3831.2948,0,0.00%,79,130,189,,,,,
Monticello,2/7/2016,MO 2 C5,197,7,117.2,2.294466226,2.068927612,4/1/2013,2.85,3,3942.0046,2141.2856,1076.21,645.2441,,,,,,79.2649,3942.0046,0,0.00%,68,145,191,,,,,
Monticello,2/7/2016,MO 3 B1,185,7,96.5,2.267171728,1.984527313,4/1/2013,2.85,3,3370.3555,2103.5028,727.1891,510,,,,,,29.6636,3370.3555,0,0.00%,83,142,183,,,,,
Monticello,2/7/2016,MO 3 B6,166,6,67.1,2.220108088,1.82672252,4/1/2013,2.85,3,3375.4466,1800.5799,774.7438,612.6467,,,,,,187.4762,3375.4466,0,0.00%,48,106,152,,,,,
Monticello,2/7/2016,MO 3 C2,172,6,68.6,2.235528447,1.836324116,4/1/2013,2.85,3,3527.6735,2331.3996,734.8959,416.5573,,,,,,44.8207,3527.6735,0,0.00%,84,138,169,,,,,
Monticello,2/7/2016,MO 3 C4,143,5,38.1,2.155336037,1.580924976,4/1/2013,2.85,3,3534.9829,2428.103,613.2047,451.7167,,,,,,41.9585,3534.9829,0,0.00%,71,111,140,,,,,
Monticello,2/7/2016,MO 1 D3,208,8,141.7,2.318063335,2.15136985,4/1/2014,1.85,2,3865.8722,2333.5681,1376.4084,,,,,,,155.8957,3865.8722,0,0.00%,91,196,,,,,,
Monticello,2/7/2016,MO 1 D6,213,8,142.5,2.328379603,2.153814864,4/1/2014,1.85,2,3605.2412,2331.747,1152.5624,,,,,,,120.9318,3605.2412,0,0.00%,107,203,,,,,,
Monticello,2/7/2016,MO 2 B3,140,5,38.3,2.146128036,1.583198774,4/1/2014,1.85,2,3021.6717,2296.715,625.6708,,,,,,,99.2859,3021.6717,0,0.00%,86,133,,,,,,
Monticello,2/7/2016,MO 2 B6,222,8,175.4,2.346352974,2.244029589,4/1/2014,1.85,2,3529.8159,2306.405,1023.9629,,,,,,,199.448,3529.8159,0,0.00%,115,205,,,,,,
Monticello,2/7/2016,MO 2 C1,211,8,134.1,2.324282455,2.127428778,4/1/2014,1.85,2,3623.3741,2336.0659,1103.9511,,,,,,,183.3571,3623.3741,0,0.00%,105,196,,,,,,
Monticello,2/7/2016,MO 3 A1,202,7,125.6,2.305351369,2.098989639,4/1/2014,1.85,2,3452.102,2207.1928,979.3794,,,,,,,265.5298,3452.102,0,0.00%,98,180,,,,,,
Monticello,2/7/2016,MO 4 A5,147,5,40.4,2.167317335,1.606381365,4/1/2014,1.85,2,2967.7689,2141.3192,794.2695,,,,,,,32.1802,2967.7689,0,0.00%,82,144,,,,,,
Monticello,2/7/2016,MO 4 B1,143,5,33.8,2.155336037,1.5289167,4/1/2014,1.85,2,3207.3073,2385.1113,790.2025,,,,,,,31.9935,3207.3073,0,0.00%,84,141,,,,,,
Santee,12/7/2016,2,325,13,498,2.51,2.70,4/1/2010,6.70,6,4873.0972,2072.6505,704.0227,738.9993,381.7905,314.1274,371.4674,,,290.0394,4873,0,0.00%,96,154,214,245,271,301,,
Santee,2/3/2017,14,276,11,290,2.44,2.46,4/1/2010,6.80,6,4988.4831,2008.9161,775.2084,399.6649,414.1739,399.6649,482.6924,,,508.1625,4988,0,0.00%,67,122,150,179,207,240,,
Santee,2/18/2016,B2,192,8,94,2.28,1.97,4/1/2011,4.90,5,3805.0078,1717.5098,778.1517,528.8516,426.7177,324.7214,,,,29.0556,3805,0,0.00%,46,101,138,167,190,,,
Santee,2/18/2016,B5,177,7,69,2.25,1.84,4/1/2011,4.90,5,4034.4145,2121.9397,702.282,473.354,323.1099,376.0904,,,,37.6385,4034,0,0.00%,58,102,131,151,175,,,
Santee,3/14/2016,A1,207,8,12.3,2.32,1.09,4/1/2011,5.00,5,5269.5203,2261.809,924.1169,442.7008,376.0904,1098.4589,,,,166.3443,5270,0,0.00%,47,96,120,140,198,,,
Santee,3/27/2016,C2,276,11,397.3,2.44,2.60,4/1/2011,5.00,5,4532.1015,2029.0737,708.9147,234.3075,402.4028,564.0319,,,,593.3709,4532,0,0.00%,83,138,156,187,230,,,
Santee,3/27/2016,C3,252,10,256.6,2.40,2.41,4/1/2011,5.00,5,4252.8108,2167.869,717.6963,438.9852,448.0357,461.3762,,,,18.8484,4253,0,0.00%,93,147,181,215,251,,,
Santee,3/29/2016,C5,260,10,334.4,2.41,2.52,4/1/2011,5.00,5,4196.3513,1690.1053,849.9694,408.9254,492,669.6656,,,,85.6856,4196,0,0.00%,61,128,161,200,253,,,
Santee,3/29/2016,D1,229,9,184.9,2.36,2.27,4/1/2011,5.00,5,5270.2581,2442.9359,813.7469,614.0554,664.0512,607.4537,,,,128.015,5270,0,0.00%,67,114,149,187,222,,,
Santee,8/24/2015,A6,118,5,18.3,2.07,1.26,4/1/2010,5.40,5,3518.1956,1893.8057,654.8527,432.0417,291.0464,199.4492,,,,46.9999,3518,0,0.00%,30,65,89,105,115,,,
Santee,12/5/2016,1,271,11,328,2.43,2.52,4/1/2011,5.70,5,4076.3719,1745.0203,918.3137,637.3853,180.4993,229.9652,,,,365.1881,4076,0,0.00%,74,152,205,221,240,,,
Santee,12/9/2016,4,278,11,291,2.44,2.46,4/1/2011,5.70,5,4492.634,1336.7079,654.4677,730.8187,670.9814,631.8544,,,,467.8039,4493,0,0.00%,31,82,140,192,241,,,
Santee,12/14/2016,6,271,11,271,2.43,2.43,4/1/2011,5.70,5,3916.4331,1578.2737,567.8486,359.4496,480.4873,450,,,,480.3739,3916,0,0.00%,65,115,147,189,229,,,
Santee,2/24/2017,22,216,9,147,2.33,2.17,4/1/2011,5.90,5,4255.4596,1888.7806,486.1481,500.9192,452.7118,416.4277,,,,510.4722,4255,0,0.00%,55,88,122,153,181,,,
Santee,3/29/2016,C6,209,8,139.5,2.32,2.14,4/1/2012,4.00,4,3756.9775,2220,552.163,495.2454,432.6662,,,,,56.9029,3757,0,0.00%,94,135,172,205,,,,
Santee,1/5/2017,10,247,10,195,2.39,2.29,4/1/2012,4.80,4,4334.0189,2034.1416,837.2527,587.6938,483.177,,,,,391.7538,4334,0,0.00%,77,139,182,218,,,,
Santee,2/2/2017,11,256,10,257,2.41,2.41,4/1/2012,4.80,4,4427.5975,2090.3866,689.6086,630.7139,579.6137,,,,,437.2747,4428,0,0.00%,82,133,180,223,,,,
Santee,2/2/2017,12,271,11,366,2.43,2.56,4/1/2012,4.80,4,4939.6437,1780.8986,1104.6846,615.1683,797.1198,,,,,641.7724,4940,0,0.00%,51,128,171,226,,,,
Santee,2/17/2017,15,238,9,204,2.38,2.31,4/1/2012,4.90,4,4321.054,2143.4785,782.1662,516.5578,437.6711,,,,,441.1804,4321,0,0.00%,81,137,175,206,,,,
Santee,2/22/2017,17,254,10,228,2.40,2.36,4/1/2012,4.90,4,4405.2137,2370.2051,609.8196,414.7385,490.7178,,,,,519.7327,4405,0,0.00%,103,148,179,215,,,,
Santee,2/18/2016,A1,200,8,104,2.30,2.02,4/1/2013,2.90,3,3817.8345,2400.1575,864.604,452.5925,,,,,,100.4805,3818,0,0.00%,99,160,193,,,,,
Santee,3/1/2016,A1,172,7,65,2.24,1.81,4/1/2013,2.90,3,3253.9975,2045.3929,774.1628,423.117,,,,,,11.3248,3254,0,0.00%,81,139,171,,,,,
Santee,2/18/2016,A3,167,7,64,2.22,1.81,4/1/2013,2.90,3,3171.0043,1791.6305,757.7361,479.0992,,,,,,142.5385,3171,0,0.00%,62,120,156,,,,,
Santee,2/18/2016,A4,161,6,51,2.21,1.71,4/1/2013,2.90,3,3178.1655,1578.2167,977.2451,587.9388,,,,,,34.7649,3178,0,0.00%,43,115,158,,,,,
Santee,2/18/2016,A5,183,7,73,2.26,1.86,4/1/2013,2.90,3,3318.1031,1946.1192,840.2143,497.1318,,,,,,34.6378,3318,0,0.00%,77,142,180,,,,,
Santee,2/18/2016,B4,182,7,87,2.26,1.94,4/1/2013,2.90,3,3378.4049,1999.2248,791.6818,569.6209,,,,,,17.8774,3378,0,0.00%,78,138,181,,,,,
Santee,2/18/2016,B6,164,6,50,2.21,1.70,4/1/2013,2.90,3,3446.2884,2167.5618,738.9993,528.8516,,,,,,10.8757,3446,0,0.00%,76,127,163,,,,,
Santee,2/18/2016,C1,177,7,70,2.25,1.85,4/1/2013,2.90,3,3618.0547,1883.4267,1096.9995,630.0286,,,,,,7.5999,3618,0,0.00%,57,133,176,,,,,
Santee,2/18/2016,C3,189,7,86,2.28,1.93,4/1/2013,2.90,3,3603.6432,2176.578,977.5582,417.4207,,,,,,32.0863,3604,0,0.00%,85,156,187,,,,,
Santee,2/18/2016,C4,157,6,52,2.20,1.72,4/1/2013,2.90,3,3452.4252,2020.1386,960.4686,448.3971,,,,,,23.4209,3452,0,0.00%,61,126,155,,,,,
Santee,2/18/2016,D4,170,7,61,2.23,1.79,4/1/2013,2.90,3,3127.0823,1941.5726,635.0937,367.962,,,,,,182.454,3127,0,0.00%,78,127,156,,,,,
Santee,3/14/2016,A2,186,7,83.2,2.27,1.92,4/1/2013,3.00,3,3829,2348,851,623,,,,,,7.4409,3829,0,0.00%,86,143,185,,,,,
Santee,3/14/2016,A3,145,6,39.5,2.16,1.60,4/1/2013,3.00,3,3130.8331,1706.913,656.3079,737.5852,,,,,,30.027,3131,0,0.00%,46,91,143,,,,,
Santee,3/14/2016,A4,138,5,34.1,2.14,1.53,4/1/2013,3.00,3,3107.2354,1830.1574,736.6329,513.6925,,,,,,26.7526,3107,0,0.00%,51,101,136,,,,,
Santee,3/14/2016,A5,143,6,33.9,2.16,1.53,4/1/2013,3.00,3,2997.2267,1915.88,593.0295,434.9897,,,,,,53.3275,2997,0,0.00%,65,108,139,,,,,
Santee,3/14/2016,B4,166,7,62.8,2.22,1.80,4/1/2013,3.00,3,3671,2225,912,513,,,,,,21.0791,3671,0,0.00%,72,131,165,,,,,
Santee,3/14/2016,B5,165,6,60,2.22,1.78,4/1/2013,3.00,3,3575,2109,955,469,,,,,,42.2042,3575,0,0.00%,67,131,162,,,,,
Santee,3/14/2016,B6,165,6,67.9,2.22,1.83,4/1/2013,3.00,3,3491,2106,765,590,,,,,,29.2553,3491,0,0.00%,71,123,163,,,,,
Santee,3/17/2016,C1,196,8,145.3,2.29,2.16,4/1/2013,3.00,3,3439.0417,2233.8782,673.6319,404.6776,,,,,,126.854,3439,0,0.00%,102,154,186,,,,,
Santee,3/27/2016,C4,191,8,104.9,2.28,2.02,4/1/2013,3.00,3,3397.6109,2363.1547,679.2996,347.6377,,,,,,7.5189,3398,0,0.00%,111,163,190,,,,,
Santee,3/14/2016,C5,159,6,49.4,2.20,1.69,4/1/2013,3.00,3,3358.3282,1905.3283,860.2628,596.208,,,,,,-3.4709,3358,0,0.00%,59,118,159,,,,,
Santee,3/14/2016,D2,158,6,49.8,2.20,1.70,4/1/2013,3.00,3,3347.5053,1738.3233,1119.4463,434.6999,,,,,,55.0358,3348,0,0.00%,47,124,154,,,,,
Santee,3/29/2016,D2,190,7,97.2,2.28,1.99,4/1/2013,3.00,3,3481.9546,2142.2269,692.7077,451.4377,,,,,,195.5823,3482,0,0.00%,89,141,175,,,,,
Santee,3/14/2016,D5,149,6,40.4,2.17,1.61,4/1/2013,3.00,3,3216.0224,2150.8138,758.7806,295.4657,,,,,,10.9623,3216,0,0.00%,75,128,148,,,,,
Santee,12/7/2016,3,280,11,293,2.45,2.47,4/1/2013,3.70,3,4530.4768,1842.889,1025.2804,914.07,,,,,,748.2374,4530,0,0.00%,70,150,222,,,,,
Santee,12/9/2016,5,204,8,115,2.31,2.06,4/1/2013,3.70,3,3663.7751,1829.4589,717.0439,728.0055,,,,,,389.2668,3664,0,0.00%,65,119,175,,,,,
Santee,1/5/2017,7,216,9,141,2.33,2.15,4/1/2013,3.80,3,3713.7286,1969.7645,883.5497,505.2128,,,,,,355.2016,3714,0,0.00%,80,149,188,,,,,
Santee,1/5/2017,8,208,8,129,2.32,2.11,4/1/2013,3.80,3,3397.3778,1631.8787,940.3935,515.197,,,,,,309.9086,3397,0,0.00%,62,140,182,,,,,
Santee,1/5/2017,9,206,8,124,2.31,2.09,4/1/2013,3.80,3,3829.2036,1430.6949,1098.59,996.524,,,,,,303.3947,3829,0,0.00%,31,111,184,,,,,
Santee,2/2/2017,13,231,9,196,2.36,2.29,4/1/2013,3.80,3,3773.8855,1912.5606,777.9203,561.8256,,,,,,521.579,3774,0,0.00%,81,144,189,,,,,
Santee,2/22/2017,18,277,11,307,2.44,2.49,4/1/2013,3.90,3,4291.7619,1742.3777,1163.2111,852.0211,,,,,,534.152,4292,0,0.00%,69,164,233,,,,,
Santee,2/22/2017,19,299,12,538,2.48,2.73,4/1/2013,3.90,3,4058.4224,2167.3292,663.8343,690.0261,,,,,,537.2328,4058,0,0.00%,126,186,250,,,,,
Santee,2/23/2017,20,249,10,273,2.40,2.44,4/1/2013,3.90,3,4269.547,2117.286,922.0889,738.3901,,,,,,491.782,4270,0,0.00%,87,156,212,,,,,
Santee,2/23/2017,21,233,9,181,2.37,2.26,4/1/2013,3.90,3,4003.5155,2104.3241,893.5972,566.1978,,,,,,439.3964,4004,0,0.00%,88,156,199,,,,,
Santee,2/24/2017,23,237,9,190,2.37,2.28,4/1/2013,3.90,3,4267.9574,2128.0385,948.019,765.8407,,,,,,426.0592,4268,0,0.00%,81,150,206,,,,,
Santee,2/22/2016,D6,160,6,54,2.20,1.73,4/1/2014,1.90,2,3330,2367,890,,,,,,,73.1295,3330,0,0.00%,93,155,,,,,,
Santee,3/14/2016,A1,142,6,34.1,2.15,1.53,4/1/2014,2.00,2,3270.7981,2091.9704,948.873,,,,,,,229.9547,3271,0,0.00%,64,127,,,,,,
Santee,3/14/2016,B1,138,5,32.5,2.14,1.51,4/1/2014,2.00,2,2997.7492,2104.632,881.9184,,,,,,,11.1988,2998,0,0.00%,75,137,,,,,,
Santee,3/14/2016,B4,124,5,22.6,2.09,1.35,4/1/2014,2.00,2,2918.0302,2210.5176,686.3381,,,,,,,21.1745,2918,0,0.00%,76,123,,,,,,
Santee,3/14/2016,C2,160,6,53.7,2.20,1.73,4/1/2014,2.00,2,3431.8164,2503.1724,855.8154,,,,,,,72.8286,3432,0,0.00%,97,155,,,,,,
Santee,3/14/2016,C3,152,6,47.8,2.18,1.68,4/1/2014,2.00,2,3133,2063,1029,,,,,,,41.8715,3133,0,0.00%,75,149,,,,,,
Santee,3/14/2016,D4,155,6,54.1,2.19,1.73,4/1/2014,2.00,2,3216.3862,2096.7833,929.9032,,,,,,,189.6997,3216,0,0.00%,76,142,,,,,,
Santee,3/14/2016,D6,143,6,38.7,2.16,1.59,4/1/2014,2.00,2,3082.3712,2252.4387,782.1662,,,,,,,47.7663,3082,0,0.00%,85,140,,,,,,
Santee,6/16/2015,11,124,5,30.5,2.09,1.48,4/1/2013,2.20,2,2904.502,2016.2232,846.3404,,,,,,,41.9384,2905,0,0.00%,64,121,,,,,,
Santee,6/16/2015,14,135,5,41.2,2.13,1.61,4/1/2013,2.20,2,3095.1859,1953.6796,780.2999,,,,,,,361.2064,3095,0,0.00%,58,111,,,,,,
Santee,6/16/2015,24,128,5,30.4,2.11,1.48,4/1/2013,2.20,2,2853.4085,1935.3325,674.1662,,,,,,,243.9098,2853,0,0.00%,63,111,,,,,,
Santee,6/16/2015,27,127,5,30.5,2.10,1.48,4/1/2013,2.20,2,2741.3106,1913.9342,527.8977,,,,,,,299.4787,2741,0,0.00%,67,105,,,,,,
Santee,6/16/2015,30,153,6,55.0,2.18,1.74,4/1/2013,2.20,2,3244.6245,2123.0167,986.4117,,,,,,,135.1961,3245,0,0.00%,75,144,,,,,,
Santee,6/16/2015,31,137,5,42.0,2.14,1.62,4/1/2013,2.20,2,3433.6832,2095.1601,1193.5627,,,,,,,144.9604,3434,0,0.00%,55,128,,,,,,
Santee,6/16/2015,32,157,6,57.2,2.20,1.76,4/1/2013,2.20,2,3258.0221,2294.143,683.052,,,,,,,280.8271,3258,0,0.00%,89,137,,,,,,
Santee,6/16/2015,33,137,5,32.7,2.14,1.51,4/1/2013,2.20,2,3079.6837,2159.7667,651.0207,,,,,,,268.8963,3080,0,0.00%,74,119,,,,,,
Santee,6/16/2015,34,165,6,76.6,2.22,1.88,4/1/2013,2.20,2,3593.6444,2131.0138,1135.285,,,,,,,327.3456,3594,0,0.00%,68,143,,,,,,
Santee,6/16/2015,40,144,6,42.4,2.16,1.63,4/1/2013,2.20,2,3002.6508,2087.6207,762.0709,,,,,,,152.9592,3003,0,0.00%,78,133,,,,,,
Santee,8/24/2015,A1,112,4,14.9,2.05,1.17,4/1/2013,2.40,2,2774.8881,2039.6912,482.9907,,,,,,,252.2062,2775,0,0.00%,63,95,,,,,,
Santee,8/24/2015,A2,110,4,15.8,2.04,1.20,4/1/2013,2.40,2,2827.6301,1977.726,628.8561,,,,,,,221.048,2828,0,0.00%,55,96,,,,,,
Santee,8/24/2015,A3,107,4,16.2,2.03,1.21,4/1/2013,2.40,2,2778.7839,1726.27,738.3901,,,,,,,314.1238,2779,0,0.00%,39,87,,,,,,
Santee,8/24/2015,A5,105,4,13.2,2.02,1.12,4/1/2013,2.40,2,2666.3841,1800.25,535.6155,,,,,,,330.5186,2666,0,0.00%,47,83,,,,,,
Santee,8/24/2015,B2,109,4,14.9,2.04,1.17,4/1/2013,2.40,2,2973.1741,1958.1154,783.6147,,,,,,,231.444,2973,0,0.00%,47,95,,,,,,
Santee,8/24/2015,B3,111,4,15.5,2.05,1.19,4/1/2013,2.40,2,2940.2204,1892.389,698.8133,,,,,,,349.0181,2940,0,0.00%,45,89,,,,,,
Santee,8/24/2015,B4,107,4,14.1,2.03,1.15,4/1/2013,2.40,2,2879.825,2077.2482,511.4098,,,,,,,291.167,2880,0,0.00%,57,89,,,,,,
Santee,8/24/2015,B5,104,4,12.8,2.02,1.11,4/1/2013,2.40,2,2946.2627,2044.6623,619.8903,,,,,,,281.7101,2946,0,0.00%,50,87,,,,,,
Santee,8/24/2015,B6,117,5,18.5,2.07,1.27,4/1/2013,2.40,2,2931.5634,1940.8307,673.7655,,,,,,,316.9672,2932,0,0.00%,53,96,,,,,,
Santee,8/24/2015,C1,119,5,19.5,2.08,1.29,4/1/2013,2.40,2,3052.0249,1975.4858,714.0756,,,,,,,362.4635,3052,0,0.00%,51,96,,,,,,
Santee,3/14/2016,A5,198,8,96.2,2.30,1.98,4/1/2015,1.00,1,2639,1431,,,,,,,,1208.1438,2639,0,0.00%,74,,,,,,,
Santee,6/16/2015,1,107,4,15.7,2.03,1.20,4/1/2014,1.20,1,2123.3982,1800.29,,,,,,,,323.1082,2123,0,0.00%,80,,,,,,,
Santee,6/16/2015,2,102,4,139.0,2.01,2.14,4/1/2014,1.20,1,2164.936,1648.8214,,,,,,,,516.1146,2165,0,0.00%,60,,,,,,,
Santee,6/16/2015,20,95,4,9.9,1.98,1.00,4/1/2014,1.20,1,2234.9174,1975.3217,,,,,,,,259.5957,2235,0,0.00%,75,,,,,,,
Santee,6/16/2015,21,108,4,16.9,2.03,1.23,4/1/2014,1.20,1,2278.776,1994.4924,,,,,,,,284.2836,2279,0,0.00%,85,,,,,,,
Santee,6/16/2015,23,113,4,19.3,2.05,1.29,4/1/2014,1.20,1,2463.2028,2227.8995,,,,,,,,235.3033,2463,0,0.00%,95,,,,,,,
Santee,8/24/2015,A4,103,4,13.5,2.01,1.13,4/1/2014,1.40,1,2727.6253,2209.3691,,,,,,,,518.2562,2728,0,0.00%,70,,,,,,,
